{
  "n_test": 27051,
  "best_model_by_f1": {
    "accuracy": 0.9939004103360319,
    "precision": 0.9901896664486592,
    "recall": 0.9829573121246551,
    "f1": 0.9865602345849963,
    "roc_auc": 0.9997187562182754,
    "pr_auc": 0.9991161228504728,
    "brier": 0.00544037576764822,
    "model": "ml"
  },
  "decision_thresholds": {
    "t_block": 0.5,
    "t_sanitize": 0.20000035666965915,
    "alpha": 0.5,
    "beta": 0.2,
    "gamma": 0.3,
    "delta": 0.1,
    "fusion_w1": 0.0,
    "fusion_w2": 1.0
  }
}