accuracy,precision,recall,f1,roc_auc,pr_auc,brier,model
0.9929762300839156,0.9930635838150289,0.9759779256614186,0.9844466273739358,0.9996939782969029,0.9990214689232182,0.005458335243620703,roberta
0.9939004103360319,0.9901896664486592,0.9829573121246551,0.9865602345849963,0.9997187562182754,0.9991161228504728,0.00544037576764822,ml
0.9939004103360319,0.9901896664486592,0.9829573121246551,0.9865602345849963,0.9997187562182754,0.9991161228504728,0.0054403759352752165,ensemble
0.993678607075524,0.990501146413364,0.981658821619867,0.9860601614086574,0.9986256916975471,0.9842411459222349,0.02647208799292284,final_risk
